[
  {
    "model": "base.Currency",
    "pk": 1,
    "fields": {
      "name": "Guarani",
      "code": "PYG",
      "sufix": "Gs",
      "created_at": "2021-01-01 10:00:00",
      "updated_at": "2021-01-01 10:00:00"
    }
  },
  {
    "model": "auth.group",
    "pk": 1,
    "fields": {
      "name": "Staff",
      "permissions": [
        1,
        2,
        3,
        4,
        37,
        38,
        39,
        40,
        9,
        10,
        11,
        12,
        5,
        6,
        7,
        8,
        13,
        14,
        15,
        16,
        41,
        42,
        43,
        44,
        97,
        98,
        99,
        100,
        105,
        106,
        107,
        108,
        45,
        46,
        47,
        48,
        49,
        50,
        51,
        52,
        53,
        54,
        55,
        56,
        101,
        102,
        103,
        104,
        93,
        94,
        95,
        96,
        57,
        58,
        59,
        60,
        89,
        90,
        91,
        92,
        61,
        62,
        63,
        64,
        85,
        86,
        87,
        88,
        65,
        66,
        67,
        68,
        81,
        82,
        83,
        84,
        77,
        78,
        79,
        80,
        69,
        70,
        71,
        72,
        73,
        74,
        75,
        76,
        129,
        130,
        131,
        132,
        133,
        134,
        135,
        136,
        157,
        158,
        159,
        160,
        153,
        154,
        155,
        156,
        149,
        150,
        151,
        152,
        145,
        146,
        147,
        148,
        137,
        138,
        139,
        140,
        141,
        142,
        143,
        144,
        17,
        18,
        19,
        20,
        169,
        170,
        171,
        172,
        165,
        166,
        167,
        168,
        161,
        162,
        163,
        164,
        25,
        26,
        27,
        28,
        121,
        122,
        123,
        124,
        109,
        110,
        111,
        112,
        125,
        126,
        127,
        128,
        117,
        118,
        119,
        120,
        113,
        114,
        115,
        116,
        21,
        22,
        23,
        24,
        29,
        30,
        31,
        32,
        33,
        34,
        35,
        36
      ]
    }
  },
  {
    "model": "auth.user",
    "pk": 1,
    "fields": {
      "password": "pbkdf2_sha256$216000$0ha5qsTXjMm3$nvy7FKUgIXM1GA1uxN1ccqRoSND90dFEuMrstIuDeZM=",
      "last_login": "2021-02-08T13:09:33.764Z",
      "is_superuser": true,
      "username": "superuser",
      "first_name": "Super",
      "last_name": "Usuario",
      "email": "superuser@yourdomain.com",
      "is_staff": true,
      "is_active": true,
      "date_joined": "2021-01-22T14:44:09.896Z",
      "groups": [],
      "user_permissions": []
    }
  },
  {
    "model": "auth.user",
    "pk": 2,
    "fields": {
      "password": "pbkdf2_sha256$216000$c9gYn0T5mxuo$VHKFt0QKFXlah2/KrnHC0jH+Y6fYTmYetWFdZ3CDWbQ=",
      "last_login": null,
      "is_superuser": false,
      "username": "normaluser",
      "first_name": "Usuario",
      "last_name": "Normal",
      "email": "normaluser@byourdomain.com",
      "is_staff": false,
      "is_active": true,
      "date_joined": "2021-01-22T14:47:18Z",
      "groups": [],
      "user_permissions": []
    }
  },
  {
    "model": "auth.user",
    "pk": 3,
    "fields": {
      "password": "pbkdf2_sha256$216000$ZiUWzIduqyz1$21nHQWHZHiwTGMNBkCzeEsfidqS6dhirOxHjZDcrSmg=",
      "last_login": null,
      "is_superuser": false,
      "username": "staffuser",
      "first_name": "Usuario",
      "last_name": "Staff",
      "email": "staffuser@prueba.com.py",
      "is_staff": true,
      "is_active": true,
      "date_joined": "2021-02-08T13:13:14Z",
      "groups": [
        1
      ],
      "user_permissions": []
    }
  },
  {
    "model": "auth.user",
    "pk": 4,
    "fields": {
      "password": "pbkdf2_sha256$216000$tfbLDcHclLwN$rHXdAdPWohVzne15C+d1BD3tjC3ZSUPRVvdr61QJHVw=",
      "last_login": "2021-03-22T17:53:01.212Z",
      "is_superuser": true,
      "username": "systemuser",
      "first_name": "Usuario",
      "last_name": "Sistema",
      "email": "systemuser@prueba.com",
      "is_staff": false,
      "is_active": true,
      "date_joined": "2021-03-22T17:51:19Z",
      "groups": [],
      "user_permissions": []
    }
  },
  {
    "model": "clinic.InsuranceCompany",
    "pk": 1,
    "fields": {
      "name": "Asismed",
      "created_at": "2021-01-01 10:00:00",
      "updated_at": "2021-01-01 10:00:00"
    }
  },
  {
    "model": "clinic.InsuranceCompany",
    "pk": 2,
    "fields": {
      "name": "Migone",
      "created_at": "2021-01-01 10:00:00",
      "updated_at": "2021-01-01 10:00:00"
    }
  },
  {
    "model": "clinic.InsuranceCompany",
    "pk": 3,
    "fields": {
      "name": "SPS COOMECIPAR",
      "created_at": "2021-01-01 10:00:00",
      "updated_at": "2021-01-01 10:00:00"
    }
  },
  {
    "model": "clinic.InsurancePlan",
    "pk": 1,
    "fields": {
      "name": "VIP BBVA",
      "insurance_company_id": 1,
      "created_at": "2021-01-01 10:00:00",
      "updated_at": "2021-01-01 10:00:00"
    }
  },
  {
    "model": "clinic.InsurancePlan",
    "pk": 2,
    "fields": {
      "name": "VIP Puma Energy",
      "insurance_company_id": 1,
      "created_at": "2021-01-01 10:00:00",
      "updated_at": "2021-01-01 10:00:00"
    }
  },
  {
    "model": "clinic.InsurancePlan",
    "pk": 3,
    "fields": {
      "name": "SPS VIP",
      "insurance_company_id": 3,
      "created_at": "2021-01-01 10:00:00",
      "updated_at": "2021-01-01 10:00:00"
    }
  },
  {
    "model": "clinic.sector",
    "pk": 1,
    "fields": {
      "deleted_at": null,
      "created_at": "2021-04-14T19:15:09.708Z",
      "updated_at": "2021-04-14T19:15:09.708Z",
      "name": "Tomografía",
      "sector_code": "TOMO"
    }
  },
  {
    "model": "clinic.sector",
    "pk": 2,
    "fields": {
      "deleted_at": null,
      "created_at": "2021-04-14T19:15:31.311Z",
      "updated_at": "2021-04-14T19:15:31.311Z",
      "name": "Radiografía",
      "sector_code": "RADI"
    }
  },
  {
    "model": "clinic.sector",
    "pk": 3,
    "fields": {
      "deleted_at": null,
      "created_at": "2021-04-14T19:16:01.068Z",
      "updated_at": "2021-04-14T19:16:01.068Z",
      "name": "Ecografía",
      "sector_code": "ECO"
    }
  },
  {
    "model": "clinic.sector",
    "pk": 4,
    "fields": {
      "deleted_at": null,
      "created_at": "2021-04-14T19:16:19.745Z",
      "updated_at": "2021-04-14T19:16:19.745Z",
      "name": "Resonancia",
      "sector_code": "RESO"
    }
  },
  {
    "model": "clinic.sector",
    "pk": 5,
    "fields": {
      "deleted_at": null,
      "created_at": "2021-04-14T19:17:37.075Z",
      "updated_at": "2021-04-14T19:17:37.075Z",
      "name": "Mamografía",
      "sector_code": "MAMO"
    }
  },
  {
    "model": "clinic.DoctorSpecialization",
    "pk": 1,
    "fields": {
      "name": "Alergia, Asma e Inmunología",
      "created_at": "2021-01-01 10:00:00",
      "updated_at": "2021-01-01 10:00:00"
    }
  },
  {
    "model": "clinic.DoctorSpecialization",
    "pk": 2,
    "fields": {
      "name": "Anatomía Patológica",
      "created_at": "2021-01-01 10:00:00",
      "updated_at": "2021-01-01 10:00:00"
    }
  },
  {
    "model": "clinic.DoctorSpecialization",
    "pk": 3,
    "fields": {
      "name": "Cardiología",
      "created_at": "2021-01-01 10:00:00",
      "updated_at": "2021-01-01 10:00:00"
    }
  },
  {
    "model": "clinic.DoctorSpecialization",
    "pk": 4,
    "fields": {
      "name": "Cardiología Pediátrica",
      "created_at": "2021-01-01 10:00:00",
      "updated_at": "2021-01-01 10:00:00"
    }
  },
  {
    "model": "clinic.DoctorSpecialization",
    "pk": 5,
    "fields": {
      "name": "Nefrología",
      "created_at": "2021-01-01 10:00:00",
      "updated_at": "2021-01-01 10:00:00"
    }
  },
  {
    "model": "clinic.DoctorSpecialization",
    "pk": 6,
    "fields": {
      "name": "Cardiocirugía",
      "created_at": "2021-01-01 10:00:00",
      "updated_at": "2021-01-01 10:00:00"
    }
  },
  {
    "model": "clinic.DoctorSpecialization",
    "pk": 7,
    "fields": {
      "name": "Neurología",
      "created_at": "2021-01-01 10:00:00",
      "updated_at": "2021-01-01 10:00:00"
    }
  },
  {
    "model": "clinic.DoctorSpecialization",
    "pk": 8,
    "fields": {
      "name": "Cirugía General",
      "created_at": "2021-01-01 10:00:00",
      "updated_at": "2021-01-01 10:00:00"
    }
  },
  {
    "model": "clinic.DoctorSpecialization",
    "pk": 9,
    "fields": {
      "name": "Cirugía Pediatrica",
      "created_at": "2021-01-01 10:00:00",
      "updated_at": "2021-01-01 10:00:00"
    }
  },
  {
    "model": "clinic.DoctorSpecialization",
    "pk": 10,
    "fields": {
      "name": "Cirugía Plástica",
      "created_at": "2021-01-01 10:00:00",
      "updated_at": "2021-01-01 10:00:00"
    }
  },
  {
    "model": "clinic.DoctorSpecialization",
    "pk": 11,
    "fields": {
      "name": "Mastología",
      "created_at": "2021-01-01 10:00:00",
      "updated_at": "2021-01-01 10:00:00"
    }
  },
  {
    "model": "clinic.DoctorSpecialization",
    "pk": 12,
    "fields": {
      "name": "Neumología",
      "created_at": "2021-01-01 10:00:00",
      "updated_at": "2021-01-01 10:00:00"
    }
  },
  {
    "model": "clinic.DoctorSpecialization",
    "pk": 13,
    "fields": {
      "name": "Clínica médica",
      "created_at": "2021-01-01 10:00:00",
      "updated_at": "2021-01-01 10:00:00"
    }
  },
  {
    "model": "clinic.DoctorSpecialization",
    "pk": 14,
    "fields": {
      "name": "Proctología",
      "created_at": "2021-01-01 10:00:00",
      "updated_at": "2021-01-01 10:00:00"
    }
  },
  {
    "model": "clinic.DoctorSpecialization",
    "pk": 15,
    "fields": {
      "name": "Dermatología",
      "created_at": "2021-01-01 10:00:00",
      "updated_at": "2021-01-01 10:00:00"
    }
  },
  {
    "model": "clinic.DoctorSpecialization",
    "pk": 16,
    "fields": {
      "name": "Endocrinología",
      "created_at": "2021-01-01 10:00:00",
      "updated_at": "2021-01-01 10:00:00"
    }
  },
  {
    "model": "clinic.DoctorSpecialization",
    "pk": 17,
    "fields": {
      "name": "Fisiatría",
      "created_at": "2021-01-01 10:00:00",
      "updated_at": "2021-01-01 10:00:00"
    }
  },
  {
    "model": "clinic.DoctorSpecialization",
    "pk": 18,
    "fields": {
      "name": "Gastroenterología",
      "created_at": "2021-01-01 10:00:00",
      "updated_at": "2021-01-01 10:00:00"
    }
  },
  {
    "model": "clinic.DoctorSpecialization",
    "pk": 19,
    "fields": {
      "name": "Hematología",
      "created_at": "2021-01-01 10:00:00",
      "updated_at": "2021-01-01 10:00:00"
    }
  },
  {
    "model": "clinic.DoctorSpecialization",
    "pk": 20,
    "fields": {
      "name": "Infectología",
      "created_at": "2021-01-01 10:00:00",
      "updated_at": "2021-01-01 10:00:00"
    }
  },
  {
    "model": "clinic.DoctorSpecialization",
    "pk": 21,
    "fields": {
      "name": "Geriatría",
      "created_at": "2021-01-01 10:00:00",
      "updated_at": "2021-01-01 10:00:00"
    }
  },
  {
    "model": "clinic.DoctorSpecialization",
    "pk": 22,
    "fields": {
      "name": "Oftalmología",
      "created_at": "2021-01-01 10:00:00",
      "updated_at": "2021-01-01 10:00:00"
    }
  },
  {
    "model": "clinic.DoctorSpecialization",
    "pk": 23,
    "fields": {
      "name": "Nutriología",
      "created_at": "2021-01-01 10:00:00",
      "updated_at": "2021-01-01 10:00:00"
    }
  },
  {
    "model": "clinic.DoctorSpecialization",
    "pk": 24,
    "fields": {
      "name": "Oncología",
      "created_at": "2021-01-01 10:00:00",
      "updated_at": "2021-01-01 10:00:00"
    }
  },
  {
    "model": "clinic.DoctorSpecialization",
    "pk": 25,
    "fields": {
      "name": "Psicología",
      "created_at": "2021-01-01 10:00:00",
      "updated_at": "2021-01-01 10:00:00"
    }
  },
  {
    "model": "clinic.DoctorSpecialization",
    "pk": 26,
    "fields": {
      "name": "Reumatología",
      "created_at": "2021-01-01 10:00:00",
      "updated_at": "2021-01-01 10:00:00"
    }
  },
  {
    "model": "clinic.DoctorSpecialization",
    "pk": 27,
    "fields": {
      "name": "Urología",
      "created_at": "2021-01-01 10:00:00",
      "updated_at": "2021-01-01 10:00:00"
    }
  },
  {
    "model": "clinic.DoctorSpecialization",
    "pk": 28,
    "fields": {
      "name": "Traumatología",
      "created_at": "2021-01-01 10:00:00",
      "updated_at": "2021-01-01 10:00:00"
    }
  },
  {
    "model": "clinic.doctor",
    "pk": 1,
    "fields": {
      "deleted_at": null,
      "created_at": "2021-01-01T13:00:00Z",
      "updated_at": "2021-04-14T19:20:53.085Z",
      "name": "Enzo",
      "last_name": "Caballero",
      "birth_date": "1986-03-11",
      "sex": 1,
      "weight": 75.0,
      "email": "enzo.caballero@prueba.com.py",
      "document_number": "5201390",
      "tax_identification_number": "5201390-4",
      "address": null,
      "city": 1,
      "phone_number": null,
      "tag_color": "#0536FF",
      "doctor_specializations": [
        6
      ],
      "sectors": [
        1,
        2,
        3,
        4,
        5
      ]
    }
  },
  {
    "model": "clinic.doctor",
    "pk": 2,
    "fields": {
      "deleted_at": null,
      "created_at": "2021-01-01T13:00:00Z",
      "updated_at": "2021-04-14T19:20:45.641Z",
      "name": "Fabrizio",
      "last_name": "Ruiz",
      "birth_date": "1990-08-14",
      "sex": 1,
      "weight": 75.0,
      "email": "fabrizzio.ruiz@prueba.com.py",
      "document_number": "4983440",
      "tax_identification_number": "4983440-3",
      "address": null,
      "city": 1,
      "phone_number": null,
      "tag_color": "#FF0000",
      "doctor_specializations": [
        3
      ],
      "sectors": [
        1,
        2,
        4,
        5
      ]
    }
  },
  {
    "model": "clinic.doctor",
    "pk": 3,
    "fields": {
      "deleted_at": null,
      "created_at": "2021-01-01T13:00:00Z",
      "updated_at": "2021-04-14T19:20:37.752Z",
      "name": "Cinthya",
      "last_name": "Alburquerque",
      "birth_date": "1985-02-10",
      "sex": 1,
      "weight": 75.0,
      "email": "cinthy.albuquerque@prueba.com.py",
      "document_number": "3530100",
      "tax_identification_number": "3530100-1",
      "address": null,
      "city": 1,
      "phone_number": null,
      "tag_color": "#FF0000",
      "doctor_specializations": [
        5
      ],
      "sectors": [
        1,
        2,
        4,
        5
      ]
    }
  },
  {
    "model": "clinic.doctor",
    "pk": 4,
    "fields": {
      "deleted_at": null,
      "created_at": "2021-01-01T13:00:00Z",
      "updated_at": "2021-04-14T19:20:28.268Z",
      "name": "Andrea",
      "last_name": "Ramirez",
      "birth_date": "1993-10-22",
      "sex": 1,
      "weight": 75.0,
      "email": "andrea.ramirez@prueba.com.py",
      "document_number": "3526683",
      "tax_identification_number": "3526683-2",
      "address": null,
      "city": 1,
      "phone_number": null,
      "tag_color": "#FF0000",
      "doctor_specializations": [
        10
      ],
      "sectors": [
        1,
        2,
        4,
        5
      ]
    }
  },
  {
    "model": "clinic.doctor",
    "pk": 5,
    "fields": {
      "deleted_at": null,
      "created_at": "2021-01-01T13:00:00Z",
      "updated_at": "2021-04-14T19:19:52.242Z",
      "name": "María Inés",
      "last_name": "Sanabria",
      "birth_date": "1980-05-04",
      "sex": 1,
      "weight": 75.0,
      "email": "maria.sanabria@prueba.com.py",
      "document_number": "4989284",
      "tax_identification_number": "4989284-4",
      "address": null,
      "city": 1,
      "phone_number": null,
      "tag_color": "#FF0000",
      "doctor_specializations": [
        4
      ],
      "sectors": [
        1,
        2,
        4,
        5
      ]
    }
  },
  {
    "model": "clinic.doctor",
    "pk": 6,
    "fields": {
      "deleted_at": null,
      "created_at": "2021-01-01T13:00:00Z",
      "updated_at": "2021-04-14T19:19:27.815Z",
      "name": "Viviana",
      "last_name": "Chamorro",
      "birth_date": "1983-08-14",
      "sex": 1,
      "weight": 75.0,
      "email": "vivianachamorro@prueba.com.py",
      "document_number": "2039415",
      "tax_identification_number": null,
      "address": "Augusto Salazar 2040",
      "city": 1,
      "phone_number": "0992438716",
      "tag_color": "#FF670C",
      "doctor_specializations": [
        6
      ],
      "sectors": [
        1,
        2,
        3,
        4,
        5
      ]
    }
  },
  {
    "model": "clinic.doctor",
    "pk": 7,
    "fields": {
      "deleted_at": null,
      "created_at": "2021-01-01T13:00:00Z",
      "updated_at": "2021-04-14T19:19:14.970Z",
      "name": "Matías",
      "last_name": "Benítez",
      "birth_date": "1990-06-28",
      "sex": 1,
      "weight": 75.0,
      "email": "matiasbenitez@prueba.com.py",
      "document_number": "6215488",
      "tax_identification_number": null,
      "address": "Sgto. Otaño 765",
      "city": 1,
      "phone_number": "0984671354",
      "tag_color": "#FF0000",
      "doctor_specializations": [
        7
      ],
      "sectors": [
        1,
        2,
        4,
        5
      ]
    }
  },
  {
    "model": "clinic.doctor",
    "pk": 8,
    "fields": {
      "deleted_at": null,
      "created_at": "2021-01-01T13:00:00Z",
      "updated_at": "2021-04-14T19:19:04.528Z",
      "name": "Nelson Isaias",
      "last_name": "Duarte Valvez",
      "birth_date": "1996-01-07",
      "sex": 1,
      "weight": 75.0,
      "email": "nelsonduarte@prueba.com.py",
      "document_number": "5440128",
      "tax_identification_number": null,
      "address": "Ing. Martin Caballero 1354 esq. Sacramento",
      "city": 1,
      "phone_number": "0992448752",
      "tag_color": "#FF0000",
      "doctor_specializations": [
        8
      ],
      "sectors": [
        1,
        2,
        4,
        5
      ]
    }
  },
  {
    "model": "clinic.doctor",
    "pk": 9,
    "fields": {
      "deleted_at": null,
      "created_at": "2021-01-01T13:00:00Z",
      "updated_at": "2021-04-14T19:18:52.775Z",
      "name": "Oscar",
      "last_name": "Benitez Amarilla",
      "birth_date": "1998-02-14",
      "sex": 1,
      "weight": 75.0,
      "email": "oscarbenitez@prueba.com.py",
      "document_number": "4183189",
      "tax_identification_number": "4183189-4",
      "address": "Avda. Stma. Trinidad 2073",
      "city": 1,
      "phone_number": "0996367816",
      "tag_color": "#FF0000",
      "doctor_specializations": [
        9
      ],
      "sectors": [
        1,
        2,
        4,
        5
      ]
    }
  },
  {
    "model": "clinic.doctor",
    "pk": 10,
    "fields": {
      "deleted_at": null,
      "created_at": "2021-01-01T13:00:00Z",
      "updated_at": "2021-04-14T19:18:41.072Z",
      "name": "Rubén",
      "last_name": "Fleitas",
      "birth_date": "1979-07-09",
      "sex": 1,
      "weight": 75.0,
      "email": "rubenfleitas@prueba.com.py",
      "document_number": "2508666",
      "tax_identification_number": null,
      "address": "Kuarahy 948",
      "city": 1,
      "phone_number": "0971559367",
      "tag_color": "#FF0000",
      "doctor_specializations": [
        10
      ],
      "sectors": [
        1,
        2,
        4,
        5
      ]
    }
  },
  {
    "model": "clinic.medicalstudytype",
    "pk": 1,
    "fields": {
      "deleted_at": null,
      "name": "IRIBAS",
      "created_at": "2021-01-01 10:00:00",
      "updated_at": "2021-01-01 10:00:00"
    }
  },
  {
    "model": "clinic.medicalstudytype",
    "pk": 2,
    "fields": {
      "deleted_at": null,
      "name": "IRM",
      "created_at": "2021-01-01 10:00:00",
      "updated_at": "2021-01-01 10:00:00"
    }
  },
  {
    "model": "clinic.TechnicianSpecialization",
    "pk": 1,
    "fields": {
      "name": "Radiología",
      "created_at": "2021-01-01 10:00:00",
      "updated_at": "2021-01-01 10:00:00"
    }
  },
  {
    "model": "clinic.TechnicianSpecialization",
    "pk": 2,
    "fields": {
      "name": "Ecografía",
      "created_at": "2021-01-01 10:00:00",
      "updated_at": "2021-01-01 10:00:00"
    }
  },
  {
    "model": "clinic.TechnicianSpecialization",
    "pk": 3,
    "fields": {
      "name": "Resonancia",
      "created_at": "2021-01-01 10:00:00",
      "updated_at": "2021-01-01 10:00:00"
    }
  },
  {
    "model": "clinic.TechnicianSpecialization",
    "pk": 4,
    "fields": {
      "name": "Hematología Cromática",
      "created_at": "2021-01-01 10:00:00",
      "updated_at": "2021-01-01 10:00:00"
    }
  },
  {
    "model": "clinic.TechnicianSpecialization",
    "pk": 5,
    "fields": {
      "name": "Tomografía",
      "created_at": "2021-01-01 10:00:00",
      "updated_at": "2021-01-01 10:00:00"
    }
  },
  {
    "model": "clinic.Technician",
    "pk": 1,
    "fields": {
      "name": "Adriana",
      "last_name": "Paredes",
      "birth_date": "1980-10-20",
      "email": "adriana.paredes@prueba.com.py",
      "document_number": "2125684",
      "tax_identification_number": "2125684-3",
      "address": "",
      "phone_number": "",
      "technician_specializations": [1],
      "created_at": "2021-01-01 10:00:00",
      "updated_at": "2021-01-01 10:00:00",
      "weight": 75.0,
      "sex": 1,
      "city": 1
    }
  },
  {
    "model": "clinic.Technician",
    "pk": 2,
    "fields": {
      "name": "Camila",
      "last_name": "Resck",
      "birth_date": "1980-07-24",
      "email": "camila.resck@prueba.com.py",
      "document_number": "2312554",
      "tax_identification_number": "2312554-5",
      "address": "",
      "phone_number": "",
      "technician_specializations": [2],
      "created_at": "2021-01-01 10:00:00",
      "updated_at": "2021-01-01 10:00:00",
      "weight": 75.0,
      "sex": 1,
      "city": 1
    }
  },
  {
    "model": "clinic.Technician",
    "pk": 3,
    "fields": {
      "name": "Daniel",
      "last_name": "Cano",
      "birth_date": "1995-09-01",
      "email": "daniel.cano@prueba.com.py",
      "document_number": "3599664",
      "tax_identification_number": "",
      "address": "",
      "phone_number": "",
      "technician_specializations": [3],
      "created_at": "2021-01-01 10:00:00",
      "updated_at": "2021-01-01 10:00:00",
      "weight": 75.0,
      "sex": 1,
      "city": 1
    }
  },
  {
    "model": "clinic.Technician",
    "pk": 4,
    "fields": {
      "name": "Elias",
      "last_name": "Diaz",
      "birth_date": "1987-11-08",
      "email": "elias.diaz@prueba.com.py",
      "document_number": "3711877",
      "tax_identification_number": "",
      "address": "",
      "phone_number": "",
      "technician_specializations": [4],
      "created_at": "2021-01-01 10:00:00",
      "updated_at": "2021-01-01 10:00:00",
      "weight": 75.0,
      "sex": 1,
      "city": 1
    }
  },
  {
    "model": "clinic.Technician",
    "pk": 5,
    "fields": {
      "name": "Francisco",
      "last_name": "Benegas",
      "birth_date": "2000-04-27",
      "email": "francisco.benegas@prueba.com.py",
      "document_number": "4607182",
      "tax_identification_number": "",
      "address": "",
      "phone_number": "",
      "technician_specializations": [5],
      "created_at": "2021-01-01 10:00:00",
      "updated_at": "2021-01-01 10:00:00",
      "weight": 75.0,
      "sex": 1,
      "city": 1
    }
  },
  {
    "model": "clinic.Patient",
    "pk": 1,
    "fields": {
      "name": "Franco Luis",
      "last_name": "Albertini Alonso",
      "birth_date": "1986-08-20",
      "email": "francoalbertini@gmail.com",
      "document_number": "3497322",
      "tax_identification_number": "3497322-2",
      "address": "Sgto. 1ro Manuel Benitez 1590 e/ Kuarahy y Prof. Dr. Francisco Fernandez",
      "phone_number": "+595986210344",
      "insurance_plan_id": 1,
      "created_at": "2021-01-01 10:00:00",
      "updated_at": "2021-01-01 10:00:00",
      "weight": 75.0,
      "sex": 1,
      "city": 1
    }
  },
  {
    "model": "clinic.Patient",
    "pk": 2,
    "fields": {
      "name": "Fernando Ariel",
      "last_name": "Liuzzi Encina",
      "birth_date": "1987-02-17",
      "email": "Fernando.liuzzi.encina@gmail.com",
      "document_number": "2356837",
      "tax_identification_number": "2356837",
      "address": "Avda. Molas Lopez n° 1438 c/ Veteranos de la guerra del 70",
      "phone_number": "+595981327645",
      "insurance_plan_id": 2,
      "created_at": "2021-01-01 10:00:00",
      "updated_at": "2021-01-01 10:00:00",
      "weight": 75.0,
      "sex": 1,
      "city": 1
    }
  },
  {
    "model": "clinic.Patient",
    "pk": 3,
    "fields": {
      "name": "Guillermo Alejandro",
      "last_name": "Modica Doldán",
      "birth_date": "1988-02-18",
      "email": "gmodicadoldan@gmail.com",
      "document_number": "3798377",
      "tax_identification_number": "3798377-6",
      "address": "Tacuary 920 casi tte fariña",
      "phone_number": "+595971277193",
      "insurance_plan_id": 3,
      "created_at": "2021-01-01 10:00:00",
      "updated_at": "2021-01-01 10:00:00",
      "weight": 75.0,
      "sex": 1,
      "city": 1
    }
  },
  {
    "model": "clinic.Patient",
    "pk": 4,
    "fields": {
      "name": "Álvaro Maria",
      "last_name": "Cubilla Sarubbi",
      "birth_date": "1987-12-09",
      "email": "cubilla.alvaro@gmail.com",
      "document_number": "4414606",
      "tax_identification_number": "4414606-0",
      "address": "Austria 1843 c/ Viena",
      "phone_number": "+595986102557",
      "insurance_plan_id": 3,
      "created_at": "2021-01-01 10:00:00",
      "updated_at": "2021-01-01 10:00:00",
      "weight": 75.0,
      "sex": 1,
      "city": 1
    }
  },
  {
    "model": "clinic.Patient",
    "pk": 5,
    "fields": {
      "name": "Jesús",
      "last_name": "Valdez",
      "birth_date": "1988-11-24",
      "email": "jesus.valdez@gmail.com",
      "document_number": "5992683",
      "tax_identification_number": "5992683-3",
      "address": "4 de julio 235",
      "phone_number": "0992567891",
      "insurance_plan_id": 2,
      "created_at": "2021-01-01 10:00:00",
      "updated_at": "2021-01-01 10:00:00",
      "weight": 75.0,
      "sex": 1,
      "city": 1
    }
  },
  {
    "model": "clinic.Patient",
    "pk": 6,
    "fields": {
      "name": "Joel",
      "last_name": "Espínola",
      "birth_date": "1985-07-19",
      "email": "joel.espinola@gmail.com",
      "document_number": "3895775",
      "tax_identification_number": "3895775-7",
      "address": "Rca. de Siria 953",
      "phone_number": "0971227864",
      "insurance_plan_id": 1,
      "created_at": "2021-01-01 10:00:00",
      "updated_at": "2021-01-01 10:00:00",
      "weight": 75.0,
      "sex": 1,
      "city": 1
    }
  },
  {
    "model": "clinic.Patient",
    "pk": 7,
    "fields": {
      "name": "Daniel ",
      "last_name": "Otazú",
      "birth_date": "1994-08-15",
      "email": "daniel.otazu@gmail.com",
      "document_number": "1946416",
      "tax_identification_number": "1946416-0",
      "address": "Aviadores del Chaco 947",
      "phone_number": "0981154678",
      "insurance_plan_id": 1,
      "created_at": "2021-01-01 10:00:00",
      "updated_at": "2021-01-01 10:00:00",
      "weight": 75.0,
      "sex": 1,
      "city": 1
    }
  },
  {
    "model": "clinic.Patient",
    "pk": 8,
    "fields": {
      "name": "Ivanir",
      "last_name": "Castioni",
      "birth_date": "1986-05-14",
      "email": "ivanir.castioni@gmail.com",
      "document_number": "4060434",
      "tax_identification_number": "4060434-3",
      "address": "Medicos del chaco 794",
      "phone_number": "0981549763",
      "insurance_plan_id": 2,
      "created_at": "2021-01-01 10:00:00",
      "updated_at": "2021-01-01 10:00:00",
      "weight": 75.0,
      "sex": 1,
      "city": 1
    }
  },
  {
    "model": "clinic.Patient",
    "pk": 9,
    "fields": {
      "name": "Gustavo",
      "last_name": "Cardozo",
      "birth_date": "1987-12-09",
      "email": "gustavo.cardozo@gmail.com",
      "document_number": "5481592",
      "tax_identification_number": "5481592-5",
      "address": "6 de Enero 438",
      "phone_number": "0972497358",
      "insurance_plan_id": 3,
      "created_at": "2021-01-01 10:00:00",
      "updated_at": "2021-01-01 10:00:00",
      "weight": 75.0,
      "sex": 1,
      "city": 1
    }
  },
  {
    "model": "clinic.Patient",
    "pk": 10,
    "fields": {
      "name": "Gabriela",
      "last_name": "Aquino",
      "birth_date": "1999-07-12",
      "email": "gabriela.aquino@gmail.com",
      "document_number": "7111506",
      "tax_identification_number": "7111506-2",
      "address": "Mcal. Estigarriba 781",
      "phone_number": "0982222657",
      "insurance_plan_id": 2,
      "created_at": "2021-01-01 10:00:00",
      "updated_at": "2021-01-01 10:00:00",
      "weight": 75.0,
      "sex": 1,
      "city": 1
    }
  },
  {
    "model": "clinic.medicalequipmenttype",
    "pk": 1,
    "fields": {
      "deleted_at": null,
      "name": "Radiografo",
      "equipment_type_code": "",
      "created_at": "2021-01-01 10:00:00",
      "updated_at": "2021-01-01 10:00:00"
    }
  },
  {
    "model": "clinic.medicalequipmenttype",
    "pk": 2,
    "fields": {
      "deleted_at": null,
      "name": "Tomografo",
      "equipment_type_code": "",
      "created_at": "2021-01-01 10:00:00",
      "updated_at": "2021-01-01 10:00:00"
    }
  },
  {
    "model": "clinic.medicalequipmenttype",
    "pk": 3,
    "fields": {
      "deleted_at": null,
      "name": "Resonador Magnético Nuclear",
      "equipment_type_code": "",
      "created_at": "2021-01-01 10:00:00",
      "updated_at": "2021-01-01 10:00:00"
    }
  },
  {
    "model": "clinic.medicalequipmenttype",
    "pk": 4,
    "fields": {
      "deleted_at": null,
      "name": "Ecógrafo",
      "equipment_type_code": "ECO1",
      "created_at": "2021-01-01 10:00:00",
      "updated_at": "2021-01-01 10:00:00"
    }
  },
  {
    "model": "clinic.medicalequipmenttype",
    "pk": 5,
    "fields": {
      "deleted_at": null,
      "name": "Mamógrafo",
      "equipment_type_code": "",
      "created_at": "2021-01-01 10:00:00",
      "updated_at": "2021-01-01 10:00:00"
    }
  },
  {
    "model": "clinic.medicalequipment",
    "pk": 1,
    "fields": {
      "deleted_at": null,
      "created_at": "2021-01-01T13:00:00Z",
      "updated_at": "2021-04-14T19:22:41.594Z",
      "name": "Ecógrafo 1",
      "tag_color": "#5B88FF",
      "sector": 3
    }
  },
  {
    "model": "clinic.medicalequipment",
    "pk": 2,
    "fields": {
      "deleted_at": null,
      "created_at": "2021-01-01T13:00:00Z",
      "updated_at": "2021-04-14T19:22:35.700Z",
      "name": "Ecógrafo 2",
      "tag_color": "#FFF00E",
      "sector": 3
    }
  },
  {
    "model": "clinic.medicalequipment",
    "pk": 3,
    "fields": {
      "deleted_at": null,
      "created_at": "2021-01-01T13:00:00Z",
      "updated_at": "2021-04-14T19:22:28.810Z",
      "name": "Resonador magnético 1",
      "tag_color": "#A407FF",
      "sector": 4
    }
  },
  {
    "model": "clinic.medicalequipment",
    "pk": 4,
    "fields": {
      "deleted_at": null,
      "created_at": "2021-01-01T13:00:00Z",
      "updated_at": "2021-04-14T19:22:19.426Z",
      "name": "Resonador magnético 2",
      "tag_color": "#FF7BFE",
      "sector": 4
    }
  },
  {
    "model": "clinic.medicalequipment",
    "pk": 5,
    "fields": {
      "deleted_at": null,
      "created_at": "2021-01-01T13:00:00Z",
      "updated_at": "2021-04-14T19:22:09.850Z",
      "name": "Tomógrafo 1",
      "tag_color": "#FF0000",
      "sector": 1
    }
  },
  {
    "model": "clinic.medicalequipment",
    "pk": 6,
    "fields": {
      "deleted_at": null,
      "created_at": "2021-01-01T13:00:00Z",
      "updated_at": "2021-04-14T19:21:46.025Z",
      "name": "Tomógrafo 2",
      "tag_color": "#41FF67",
      "sector": 1
    }
  },
  {
    "model": "clinic.medicalequipment",
    "pk": 7,
    "fields": {
      "deleted_at": null,
      "created_at": "2021-01-01T13:00:00Z",
      "updated_at": "2021-04-14T19:21:25.869Z",
      "name": "Radiografo 1",
      "tag_color": "#FFD1E0",
      "sector": 2
    }
  },
  {
    "model": "clinic.medicalequipment",
    "pk": 8,
    "fields": {
      "deleted_at": null,
      "created_at": "2021-04-14T19:18:12.971Z",
      "updated_at": "2021-04-14T19:18:12.971Z",
      "name": "Mamógrafo 1",
      "tag_color": "#4AFFD3",
      "sector": 5
    }
  },
  {
    "model": "clinic.medicalstudy",
    "pk": 1,
    "fields": {
      "deleted_at": null,
      "created_at": "2021-01-01T13:00:00Z",
      "updated_at": "2021-04-14T19:23:49.589Z",
      "name": "Tomografía Craneal",
      "type": 2,
      "duration_in_minutes": 30,
      "price": 1000000.0,
      "currency": 1,
      "sector": 1
    }
  },
  {
    "model": "clinic.medicalstudy",
    "pk": 2,
    "fields": {
      "deleted_at": null,
      "created_at": "2021-01-01T13:00:00Z",
      "updated_at": "2021-04-14T19:23:55.980Z",
      "name": "Ecografía Fetal",
      "type": 1,
      "duration_in_minutes": 30,
      "price": 1000000.0,
      "currency": 1,
      "sector": 3
    }
  },
  {
    "model": "clinic.medicalstudy",
    "pk": 3,
    "fields": {
      "deleted_at": null,
      "created_at": "2021-01-01T13:00:00Z",
      "updated_at": "2021-04-14T19:24:03.071Z",
      "name": "Mamografía",
      "type": 1,
      "duration_in_minutes": 30,
      "price": 1000000.0,
      "currency": 1,
      "sector": 5
    }
  },
  {
    "model": "clinic.medicalstudy",
    "pk": 4,
    "fields": {
      "deleted_at": null,
      "created_at": "2021-01-01T13:00:00Z",
      "updated_at": "2021-04-14T19:24:10.569Z",
      "name": "Ecografía Partes Blandas",
      "type": 1,
      "duration_in_minutes": 30,
      "price": 1000000.0,
      "currency": 1,
      "sector": 3
    }
  },
  {
    "model": "clinic.medicalstudy",
    "pk": 5,
    "fields": {
      "deleted_at": null,
      "created_at": "2021-01-01T13:00:00Z",
      "updated_at": "2021-04-14T19:24:17.775Z",
      "name": "Radiografía Torácica",
      "type": 1,
      "duration_in_minutes": 30,
      "price": 1000000.0,
      "currency": 1,
      "sector": 2
    }
  },
  {
    "model": "clinic.medicalstudy",
    "pk": 6,
    "fields": {
      "deleted_at": null,
      "created_at": "2021-01-01T13:00:00Z",
      "updated_at": "2021-04-14T19:24:26.081Z",
      "name": "Resonancia Craneal",
      "type": 2,
      "duration_in_minutes": 30,
      "price": 1000000.0,
      "currency": 1,
      "sector": 4
    }
  },
  {
    "model": "scheduling.appointmentstate",
    "pk": 1,
    "fields": {
      "deleted_at": null,
      "created_at": "2021-02-10T17:16:24.690Z",
      "updated_at": "2021-02-10T17:16:24.697Z",
      "name": "Agendado",
      "state_code": 0
    }
  },
  {
    "model": "scheduling.appointmentstate",
    "pk": 2,
    "fields": {
      "deleted_at": null,
      "created_at": "2021-02-10T17:16:24.690Z",
      "updated_at": "2021-02-10T17:16:24.697Z",
      "name": "Cancelado",
      "state_code": 2
    }
  },
  {
    "model": "scheduling.appointmentstate",
    "pk": 3,
    "fields": {
      "deleted_at": null,
      "created_at": "2021-02-10T17:16:24.690Z",
      "updated_at": "2021-02-10T17:16:24.697Z",
      "name": "Fichado",
      "state_code": 1
    }
  },
  {
    "model": "scheduling.appointmentstate",
    "pk": 4,
    "fields": {
      "deleted_at": null,
      "created_at": "2021-03-18T01:47:53.162Z",
      "updated_at": "2021-03-18T01:47:53.162Z",
      "name": "Ausente",
      "state_code": 3
    }
  },
  {
    "model": "scheduling.defaultdoctorappointmentschedule",
    "pk": 1,
    "fields": {
      "deleted_at": null,
      "doctor": 1,
      "day": 2,
      "start_time": "09:00:00",
      "end_time": "12:00:00",
      "created_at": "2021-01-01 10:00:00",
      "updated_at": "2021-01-01 10:00:00"
    }
  },
  {
    "model": "scheduling.defaultdoctorappointmentschedule",
    "pk": 2,
    "fields": {
      "deleted_at": null,
      "doctor": 6,
      "day": 3,
      "start_time": "12:00:00",
      "end_time": "17:00:00",
      "created_at": "2021-01-01 10:00:00",
      "updated_at": "2021-01-01 10:00:00"
    }
  },
  {
    "model": "scheduling.defaultdoctorappointmentschedule",
    "pk": 3,
    "fields": {
      "deleted_at": null,
      "doctor": 9,
      "day": 4,
      "start_time": "12:00:00",
      "end_time": "17:00:00",
      "created_at": "2021-01-01 10:00:00",
      "updated_at": "2021-01-01 10:00:00"
    }
  },
  {
    "model": "scheduling.defaultdoctorappointmentschedule",
    "pk": 4,
    "fields": {
      "deleted_at": null,
      "doctor": 5,
      "day": 5,
      "start_time": "09:00:00",
      "end_time": "12:00:00",
      "created_at": "2021-01-01 10:00:00",
      "updated_at": "2021-01-01 10:00:00"
    }
  },
  {
    "model": "scheduling.defaultdoctorappointmentschedule",
    "pk": 5,
    "fields": {
      "deleted_at": null,
      "doctor": 1,
      "day": 4,
      "start_time": "09:00:00",
      "end_time": "12:00:00",
      "created_at": "2021-01-01 10:00:00",
      "updated_at": "2021-01-01 10:00:00"
    }
  },
  {
    "model": "scheduling.defaultdoctorappointmentschedule",
    "pk": 6,
    "fields": {
      "deleted_at": null,
      "doctor": 6,
      "day": 5,
      "start_time": "12:00:00",
      "end_time": "17:00:00",
      "created_at": "2021-01-01 10:00:00",
      "updated_at": "2021-01-01 10:00:00"
    }
  },
  {
    "model": "scheduling.defaultdoctorappointmentschedule",
    "pk": 7,
    "fields": {
      "deleted_at": null,
      "doctor": 1,
      "day": 0,
      "start_time": "09:00:00",
      "end_time": "12:00:00",
      "created_at": "2021-01-01 10:00:00",
      "updated_at": "2021-01-01 10:00:00"
    }
  },
  {
    "model": "scheduling.defaultdoctorappointmentschedule",
    "pk": 8,
    "fields": {
      "deleted_at": null,
      "doctor": 6,
      "day": 1,
      "start_time": "12:00:00",
      "end_time": "17:00:00",
      "created_at": "2021-01-01 10:00:00",
      "updated_at": "2021-01-01 10:00:00"
    }
  },
  {
    "model": "scheduling.defaultdoctorappointmentschedule",
    "pk": 9,
    "fields": {
      "deleted_at": null,
      "doctor": 5,
      "day": 1,
      "start_time": "09:00:00",
      "end_time": "12:00:00",
      "created_at": "2021-01-01 10:00:00",
      "updated_at": "2021-01-01 10:00:00"
    }
  },
  {
    "model": "scheduling.defaultdoctorappointmentschedule",
    "pk": 10,
    "fields": {
      "deleted_at": null,
      "doctor": 5,
      "day": 3,
      "start_time": "09:00:00",
      "end_time": "12:00:00",
      "created_at": "2021-01-01 10:00:00",
      "updated_at": "2021-01-01 10:00:00"
    }
  },
  {
    "model": "scheduling.defaultdoctorappointmentschedule",
    "pk": 11,
    "fields": {
      "deleted_at": null,
      "doctor": 9,
      "day": 0,
      "start_time": "12:00:00",
      "end_time": "17:00:00",
      "created_at": "2021-01-01 10:00:00",
      "updated_at": "2021-01-01 10:00:00"
    }
  },
  {
    "model": "scheduling.defaultdoctorappointmentschedule",
    "pk": 12,
    "fields": {
      "deleted_at": null,
      "doctor": 9,
      "day": 2,
      "start_time": "12:00:00",
      "end_time": "17:00:00",
      "created_at": "2021-01-01 10:00:00",
      "updated_at": "2021-01-01 10:00:00"
    }
  },
  {
    "model": "clinic.doctormedicalstudy",
    "pk": 1,
    "fields": {
      "deleted_at": null,
      "doctor": 1,
      "medical_study": 2,
      "created_at": "2021-01-01 10:00:00",
      "updated_at": "2021-01-01 10:00:00"
    }
  },
  {
    "model": "clinic.doctormedicalstudy",
    "pk": 2,
    "fields": {
      "deleted_at": null,
      "doctor": 2,
      "medical_study": 3,
      "created_at": "2021-01-01 10:00:00",
      "updated_at": "2021-01-01 10:00:00"
    }
  },
  {
    "model": "clinic.doctormedicalstudy",
    "pk": 3,
    "fields": {
      "deleted_at": null,
      "doctor": 10,
      "medical_study": 1,
      "created_at": "2021-01-01 10:00:00",
      "updated_at": "2021-01-01 10:00:00"
    }
  },
  {
    "model": "clinic.doctormedicalstudy",
    "pk": 4,
    "fields": {
      "deleted_at": null,
      "doctor": 9,
      "medical_study": 6,
      "created_at": "2021-01-01 10:00:00",
      "updated_at": "2021-01-01 10:00:00"
    }
  },
  {
    "model": "clinic.doctormedicalstudy",
    "pk": 5,
    "fields": {
      "deleted_at": null,
      "doctor": 6,
      "medical_study": 4,
      "created_at": "2021-01-01 10:00:00",
      "updated_at": "2021-01-01 10:00:00"
    }
  },
  {
    "model": "clinic.doctormedicalstudy",
    "pk": 6,
    "fields": {
      "deleted_at": null,
      "doctor": 1,
      "medical_study": 1,
      "created_at": "2021-01-01 10:00:00",
      "updated_at": "2021-01-01 10:00:00"
    }
  },
  {
    "model": "stock.deposit",
    "pk": 1,
    "fields": {
      "deleted_at": null,
      "created_at": "2021-02-15T12:34:04.454Z",
      "updated_at": "2021-02-15T12:34:04.454Z",
      "name": "Depósito 1"
    }
  },
  {
    "model": "stock.deposit",
    "pk": 2,
    "fields": {
      "deleted_at": null,
      "created_at": "2021-02-15T12:34:11.774Z",
      "updated_at": "2021-02-15T12:34:11.775Z",
      "name": "Depósito 2",
      "default_deposit": true
    }
  },
  {
    "model": "stock.deposit",
    "pk": 3,
    "fields": {
      "deleted_at": null,
      "created_at": "2021-02-16T13:36:02.694Z",
      "updated_at": "2021-02-16T13:36:02.694Z",
      "name": "Depósito 3"
    }
  },
  {
    "model": "stock.product",
    "pk": 1,
    "fields": {
      "deleted_at": null,
      "created_at": "2021-02-15T12:35:24.600Z",
      "updated_at": "2021-02-15T12:35:24.601Z",
      "name": "Contraste Bayer",
      "description": "Contraste para analisis",
      "purchase_price": 100000.0,
      "sale_price": 120000.0,
      "currency": 1
    }
  },
  {
    "model": "stock.product",
    "pk": 2,
    "fields": {
      "deleted_at": null,
      "created_at": "2021-02-15T12:36:35.131Z",
      "updated_at": "2021-02-15T12:36:35.131Z",
      "name": "Anestesia Local en Pomada Bayer 100g",
      "description": "Anastasia local.",
      "purchase_price": 50000.0,
      "sale_price": 70000.0,
      "currency": 1
    }
  },
  {
    "model": "stock.product",
    "pk": 3,
    "fields": {
      "deleted_at": null,
      "created_at": "2021-02-15T17:11:42.982Z",
      "updated_at": "2021-02-15T17:11:42.982Z",
      "name": "Jeringa",
      "description": "Jeringa",
      "purchase_price": 3000.0,
      "sale_price": 5000.0,
      "currency": 1
    }
  },
  {
    "model": "stock.product",
    "pk": 4,
    "fields": {
      "deleted_at": null,
      "created_at": "2021-02-15T17:13:21.505Z",
      "updated_at": "2021-02-15T17:13:21.505Z",
      "name": "Anestesia general Frasco 100 ml Bayer",
      "description": "Anestesia general Frasco 100 ml Bayer",
      "purchase_price": 500000.0,
      "sale_price": 700000.0,
      "currency": 1
    }
  },
  {
    "model": "stock.product",
    "pk": 5,
    "fields": {
      "deleted_at": null,
      "created_at": "2021-02-15T17:15:14.992Z",
      "updated_at": "2021-02-15T17:15:14.992Z",
      "name": "Guantes desechables",
      "description": "Guantes desechables",
      "purchase_price": 8000.0,
      "sale_price": 10000.0,
      "currency": 1
    }
  },
  {
    "model": "stock.product",
    "pk": 6,
    "fields": {
      "deleted_at": null,
      "created_at": "2021-02-15T17:17:22.199Z",
      "updated_at": "2021-02-15T17:17:22.199Z",
      "name": "Gel Para Ecografía Tubo de 100gr",
      "description": "Gel Para Ecografía Tubo de 100gr",
      "purchase_price": 5000.0,
      "sale_price": 8000.0,
      "currency": 1
    }
  },
  {
    "model": "stock.productdepositquantity",
    "pk": 4,
    "fields": {
      "deleted_at": null,
      "created_at": "2021-02-15T21:00:05.519Z",
      "updated_at": "2021-02-15T21:39:28.636Z",
      "deposit": 1,
      "product": 1,
      "quantity": 10.0
    }
  },
  {
    "model": "stock.productdepositquantity",
    "pk": 5,
    "fields": {
      "deleted_at": null,
      "created_at": "2021-02-15T21:00:09.205Z",
      "updated_at": "2021-02-15T21:39:46.817Z",
      "deposit": 2,
      "product": 1,
      "quantity": 20.0
    }
  },
  {
    "model": "stock.productdepositquantity",
    "pk": 6,
    "fields": {
      "deleted_at": null,
      "created_at": "2021-02-16T12:04:44.296Z",
      "updated_at": "2021-02-16T12:09:40.874Z",
      "deposit": 1,
      "product": 3,
      "quantity": 15.0
    }
  },
  {
    "model": "stock.productdepositquantity",
    "pk": 7,
    "fields": {
      "deleted_at": null,
      "created_at": "2021-02-16T19:09:22.000Z",
      "updated_at": "2021-02-16T19:09:22.000Z",
      "deposit": 1,
      "product": 2,
      "quantity": 10.0
    }
  },
  {
    "model": "stock.productdepositquantity",
    "pk": 8,
    "fields": {
      "deleted_at": null,
      "created_at": "2021-02-16T19:10:25.651Z",
      "updated_at": "2021-02-16T19:10:25.651Z",
      "deposit": 2,
      "product": 2,
      "quantity": 10.0
    }
  },
  {
    "model": "stock.productdepositquantity",
    "pk": 9,
    "fields": {
      "deleted_at": null,
      "created_at": "2021-02-16T19:11:36.539Z",
      "updated_at": "2021-02-16T19:11:36.539Z",
      "deposit": 2,
      "product": 3,
      "quantity": 10.0
    }
  },
  {
    "model": "stock.productdepositquantity",
    "pk": 10,
    "fields": {
      "deleted_at": null,
      "created_at": "2021-02-16T19:13:05.464Z",
      "updated_at": "2021-02-16T19:13:05.464Z",
      "deposit": 1,
      "product": 4,
      "quantity": 10.0
    }
  },
  {
    "model": "stock.productdepositquantity",
    "pk": 11,
    "fields": {
      "deleted_at": null,
      "created_at": "2021-02-16T19:13:49.526Z",
      "updated_at": "2021-02-16T19:13:49.526Z",
      "deposit": 2,
      "product": 4,
      "quantity": 10.0
    }
  },
  {
    "model": "stock.productdepositquantity",
    "pk": 12,
    "fields": {
      "deleted_at": null,
      "created_at": "2021-02-16T19:19:07.022Z",
      "updated_at": "2021-02-16T19:19:07.022Z",
      "deposit": 1,
      "product": 5,
      "quantity": 10.0
    }
  },
  {
    "model": "stock.productdepositquantity",
    "pk": 13,
    "fields": {
      "deleted_at": null,
      "created_at": "2021-02-16T19:20:04.371Z",
      "updated_at": "2021-02-16T19:20:04.371Z",
      "deposit": 2,
      "product": 5,
      "quantity": 10.0
    }
  },
  {
    "model": "stock.productdepositquantity",
    "pk": 14,
    "fields": {
      "deleted_at": null,
      "created_at": "2021-02-16T19:20:44.259Z",
      "updated_at": "2021-02-16T19:20:44.259Z",
      "deposit": 1,
      "product": 6,
      "quantity": 10.0
    }
  },
  {
    "model": "stock.productdepositquantity",
    "pk": 15,
    "fields": {
      "deleted_at": null,
      "created_at": "2021-02-16T19:21:18.073Z",
      "updated_at": "2021-02-16T19:21:18.073Z",
      "deposit": 2,
      "product": 6,
      "quantity": 10.0
    }
  },
  {
    "model": "stock.stockmovement",
    "pk": 5,
    "fields": {
      "deleted_at": null,
      "created_at": "2021-02-15T21:00:04.682Z",
      "updated_at": "2021-02-15T21:00:04.682Z",
      "deposit": 1,
      "product": 1,
      "type": 0,
      "quantity": 10.0,
      "description": "Movimiento inicial",
      "user": 1
    }
  },
  {
    "model": "stock.stockmovement",
    "pk": 6,
    "fields": {
      "deleted_at": null,
      "created_at": "2021-02-15T21:00:08.218Z",
      "updated_at": "2021-02-15T21:00:08.218Z",
      "deposit": 2,
      "product": 1,
      "type": 0,
      "quantity": 20.0,
      "description": "Movimiento inicial",
      "user": 1
    }
  },
  {
    "model": "stock.stockmovement",
    "pk": 9,
    "fields": {
      "deleted_at": null,
      "created_at": "2021-02-16T12:04:54.176Z",
      "updated_at": "2021-02-16T12:04:54.176Z",
      "deposit": 1,
      "product": 3,
      "type": 0,
      "quantity": 25.0,
      "description": "Movimiento Inicial de producto",
      "user": 1
    }
  },
  {
    "model": "stock.stockmovement",
    "pk": 10,
    "fields": {
      "deleted_at": null,
      "created_at": "2021-02-16T12:06:44.268Z",
      "updated_at": "2021-02-16T12:06:44.269Z",
      "deposit": 1,
      "product": 3,
      "type": 1,
      "quantity": 5.0,
      "description": "movimiento normal",
      "user": 1
    }
  },
  {
    "model": "stock.stockmovement",
    "pk": 11,
    "fields": {
      "deleted_at": null,
      "created_at": "2021-02-16T12:09:55.416Z",
      "updated_at": "2021-02-16T12:09:55.417Z",
      "deposit": 1,
      "product": 3,
      "type": 1,
      "quantity": 5.0,
      "description": "movimiento normal",
      "user": 1
    }
  },
  {
    "model": "stock.stockmovement",
    "pk": 12,
    "fields": {
      "deleted_at": null,
      "created_at": "2021-02-16T19:09:22.019Z",
      "updated_at": "2021-02-16T19:09:22.019Z",
      "deposit": 1,
      "product": 2,
      "type": 0,
      "quantity": 10.0,
      "description": "Movimiento Inicial de entrada de stock",
      "user": 1
    }
  },
  {
    "model": "stock.stockmovement",
    "pk": 13,
    "fields": {
      "deleted_at": null,
      "created_at": "2021-02-16T19:10:25.664Z",
      "updated_at": "2021-02-16T19:10:25.664Z",
      "deposit": 2,
      "product": 2,
      "type": 0,
      "quantity": 10.0,
      "description": "Movimiento de entrada normal",
      "user": 1
    }
  },
  {
    "model": "stock.stockmovement",
    "pk": 14,
    "fields": {
      "deleted_at": null,
      "created_at": "2021-02-16T19:11:36.552Z",
      "updated_at": "2021-02-16T19:11:36.552Z",
      "deposit": 2,
      "product": 3,
      "type": 0,
      "quantity": 10.0,
      "description": "Movimiento de entrada manual normal",
      "user": 1
    }
  },
  {
    "model": "stock.stockmovement",
    "pk": 15,
    "fields": {
      "deleted_at": null,
      "created_at": "2021-02-16T19:13:05.480Z",
      "updated_at": "2021-02-16T19:13:05.480Z",
      "deposit": 1,
      "product": 4,
      "type": 0,
      "quantity": 10.0,
      "description": "Movimiento inicial de entrada de producto",
      "user": 1
    }
  },
  {
    "model": "stock.stockmovement",
    "pk": 16,
    "fields": {
      "deleted_at": null,
      "created_at": "2021-02-16T19:13:49.539Z",
      "updated_at": "2021-02-16T19:13:49.539Z",
      "deposit": 2,
      "product": 4,
      "type": 0,
      "quantity": 10.0,
      "description": "Movimiento de entrada normal",
      "user": 1
    }
  },
  {
    "model": "stock.stockmovement",
    "pk": 17,
    "fields": {
      "deleted_at": null,
      "created_at": "2021-02-16T19:19:07.036Z",
      "updated_at": "2021-02-16T19:19:07.036Z",
      "deposit": 1,
      "product": 5,
      "type": 0,
      "quantity": 10.0,
      "description": "Movimiento inicial de entrada",
      "user": 1
    }
  },
  {
    "model": "stock.stockmovement",
    "pk": 18,
    "fields": {
      "deleted_at": null,
      "created_at": "2021-02-16T19:20:04.383Z",
      "updated_at": "2021-02-16T19:20:04.383Z",
      "deposit": 2,
      "product": 5,
      "type": 0,
      "quantity": 10.0,
      "description": "Movimiento inicial de entrada",
      "user": 1
    }
  },
  {
    "model": "stock.stockmovement",
    "pk": 19,
    "fields": {
      "deleted_at": null,
      "created_at": "2021-02-16T19:20:44.273Z",
      "updated_at": "2021-02-16T19:20:44.273Z",
      "deposit": 1,
      "product": 6,
      "type": 0,
      "quantity": 10.0,
      "description": "Entrada inicial de producto al depósito",
      "user": 1
    }
  },
  {
    "model": "stock.stockmovement",
    "pk": 20,
    "fields": {
      "deleted_at": null,
      "created_at": "2021-02-16T19:21:18.087Z",
      "updated_at": "2021-02-16T19:21:18.087Z",
      "deposit": 2,
      "product": 6,
      "type": 0,
      "quantity": 10.0,
      "description": "Entrada inicial del producto al depósito",
      "user": 1
    }
  },
  {
    "model": "clinic.insuranceplanmedicalstudyfee",
    "pk": 1,
    "fields": {
      "deleted_at": null,
      "created_at": "2021-02-22T14:48:54.165Z",
      "updated_at": "2021-02-22T14:48:54.166Z",
      "insurance_plan": 1,
      "medical_study": 1,
      "price": 1000000.0,
      "currency": 1
    }
  },
  {
    "model": "clinic.insuranceplanmedicalstudyfee",
    "pk": 2,
    "fields": {
      "deleted_at": null,
      "created_at": "2021-02-22T14:49:12.993Z",
      "updated_at": "2021-02-22T14:49:12.993Z",
      "insurance_plan": 1,
      "medical_study": 2,
      "price": 500000.0,
      "currency": 1
    }
  },
  {
    "model": "clinic.insuranceplanmedicalstudyfee",
    "pk": 3,
    "fields": {
      "deleted_at": null,
      "created_at": "2021-02-22T14:49:25.741Z",
      "updated_at": "2021-02-22T14:49:25.741Z",
      "insurance_plan": 1,
      "medical_study": 3,
      "price": 700000.0,
      "currency": 1
    }
  },
  {
    "model": "clinic.insuranceplanmedicalstudyfee",
    "pk": 4,
    "fields": {
      "deleted_at": null,
      "created_at": "2021-02-22T14:49:41.189Z",
      "updated_at": "2021-02-22T14:49:41.189Z",
      "insurance_plan": 1,
      "medical_study": 4,
      "price": 400000.0,
      "currency": 1
    }
  },
  {
    "model": "clinic.insuranceplanmedicalstudyfee",
    "pk": 5,
    "fields": {
      "deleted_at": null,
      "created_at": "2021-02-22T14:50:02.331Z",
      "updated_at": "2021-02-22T14:50:02.331Z",
      "insurance_plan": 1,
      "medical_study": 5,
      "price": 300000.0,
      "currency": 1
    }
  },
  {
    "model": "clinic.insuranceplanmedicalstudyfee",
    "pk": 6,
    "fields": {
      "deleted_at": null,
      "created_at": "2021-02-22T14:50:16.815Z",
      "updated_at": "2021-02-22T14:50:16.815Z",
      "insurance_plan": 1,
      "medical_study": 6,
      "price": 1500000.0,
      "currency": 1
    }
  },
  {
    "model": "clinic.insuranceplanmedicalstudyfee",
    "pk": 7,
    "fields": {
      "deleted_at": null,
      "created_at": "2021-02-22T14:50:42.779Z",
      "updated_at": "2021-02-22T14:50:42.779Z",
      "insurance_plan": 2,
      "medical_study": 1,
      "price": 10000000.0,
      "currency": 1
    }
  },
  {
    "model": "clinic.insuranceplanmedicalstudyfee",
    "pk": 8,
    "fields": {
      "deleted_at": null,
      "created_at": "2021-02-22T14:51:23.816Z",
      "updated_at": "2021-02-22T14:51:23.816Z",
      "insurance_plan": 2,
      "medical_study": 2,
      "price": 500000.0,
      "currency": 1
    }
  },
  {
    "model": "clinic.insuranceplanmedicalstudyfee",
    "pk": 9,
    "fields": {
      "deleted_at": null,
      "created_at": "2021-02-22T14:51:40.413Z",
      "updated_at": "2021-02-22T14:51:40.413Z",
      "insurance_plan": 2,
      "medical_study": 3,
      "price": 700000.0,
      "currency": 1
    }
  },
  {
    "model": "clinic.insuranceplanmedicalstudyfee",
    "pk": 10,
    "fields": {
      "deleted_at": null,
      "created_at": "2021-02-22T14:51:58.299Z",
      "updated_at": "2021-02-22T14:51:58.299Z",
      "insurance_plan": 2,
      "medical_study": 4,
      "price": 400000.0,
      "currency": 1
    }
  },
  {
    "model": "clinic.insuranceplanmedicalstudyfee",
    "pk": 11,
    "fields": {
      "deleted_at": null,
      "created_at": "2021-02-22T14:52:27.705Z",
      "updated_at": "2021-02-22T14:52:27.705Z",
      "insurance_plan": 2,
      "medical_study": 5,
      "price": 300000.0,
      "currency": 1
    }
  },
  {
    "model": "clinic.insuranceplanmedicalstudyfee",
    "pk": 12,
    "fields": {
      "deleted_at": null,
      "created_at": "2021-02-22T14:52:45.716Z",
      "updated_at": "2021-02-22T14:52:45.716Z",
      "insurance_plan": 2,
      "medical_study": 6,
      "price": 1500000.0,
      "currency": 1
    }
  },
  {
    "model": "clinic.insuranceplanmedicalstudyfee",
    "pk": 13,
    "fields": {
      "deleted_at": null,
      "created_at": "2021-02-22T14:53:02.870Z",
      "updated_at": "2021-02-22T14:53:02.870Z",
      "insurance_plan": 3,
      "medical_study": 1,
      "price": 1000000.0,
      "currency": 1
    }
  },
  {
    "model": "clinic.insuranceplanmedicalstudyfee",
    "pk": 14,
    "fields": {
      "deleted_at": null,
      "created_at": "2021-02-22T14:53:19.698Z",
      "updated_at": "2021-02-22T14:53:19.698Z",
      "insurance_plan": 3,
      "medical_study": 2,
      "price": 500000.0,
      "currency": 1
    }
  },
  {
    "model": "clinic.insuranceplanmedicalstudyfee",
    "pk": 15,
    "fields": {
      "deleted_at": null,
      "created_at": "2021-02-22T14:53:41.119Z",
      "updated_at": "2021-02-22T14:53:41.119Z",
      "insurance_plan": 3,
      "medical_study": 3,
      "price": 700000.0,
      "currency": 1
    }
  },
  {
    "model": "clinic.insuranceplanmedicalstudyfee",
    "pk": 16,
    "fields": {
      "deleted_at": null,
      "created_at": "2021-02-22T14:54:01.862Z",
      "updated_at": "2021-02-22T14:54:01.863Z",
      "insurance_plan": 3,
      "medical_study": 4,
      "price": 400000.0,
      "currency": 1
    }
  },
  {
    "model": "clinic.insuranceplanmedicalstudyfee",
    "pk": 17,
    "fields": {
      "deleted_at": null,
      "created_at": "2021-02-22T14:54:17.151Z",
      "updated_at": "2021-02-22T14:54:17.151Z",
      "insurance_plan": 3,
      "medical_study": 5,
      "price": 300000.0,
      "currency": 1
    }
  },
  {
    "model": "clinic.insuranceplanmedicalstudyfee",
    "pk": 18,
    "fields": {
      "deleted_at": null,
      "created_at": "2021-02-22T14:54:33.826Z",
      "updated_at": "2021-02-22T14:54:33.827Z",
      "insurance_plan": 3,
      "medical_study": 6,
      "price": 1500000.0,
      "currency": 1
    }
  },
  {
    "model": "clinic.treatingdoctor",
    "pk": 1,
    "fields": {
      "deleted_at": null,
      "created_at": "2021-03-17T22:50:55.152Z",
      "updated_at": "2021-03-17T22:50:55.152Z",
      "name": "Augusto",
      "last_name": "Benitez",
      "birth_date": "1987-06-20",
      "email": "augusto@algo.com.py",
      "document_number": "3564791",
      "tax_identification_number": null,
      "address": null,
      "phone_number": null,
      "weight": 75.0,
      "sex": 1,
      "city": 1,
      "doctor_specializations": [
        4
      ]
    }
  },
  {
    "model": "clinic.treatingdoctor",
    "pk": 2,
    "fields": {
      "deleted_at": null,
      "created_at": "2021-03-17T22:50:55.152Z",
      "updated_at": "2021-03-17T22:50:55.152Z",
      "name": "Anastasio",
      "last_name": "Ibañez",
      "birth_date": "1987-06-20",
      "email": "anastasion@algo.com.py",
      "document_number": "4579612",
      "tax_identification_number": null,
      "address": null,
      "phone_number": null,
      "weight": 75.0,
      "sex": 1,
      "city": 1,
      "doctor_specializations": [
        4
      ]
    }
  },
  {
    "model": "consultation.consultationsheetdocumenttype",
    "pk": 1,
    "fields": {
      "deleted_at": null,
      "created_at": "2021-03-17T20:44:39.637Z",
      "updated_at": "2021-03-17T20:44:39.637Z",
      "name": "Receta"
    }
  },
  {
    "model": "consultation.consultationsheetdocumenttype",
    "pk": 2,
    "fields": {
      "deleted_at": null,
      "created_at": "2021-03-17T20:45:43.823Z",
      "updated_at": "2021-03-17T20:45:43.823Z",
      "name": "Visación"
    }
  },
  {
    "model": "consultation.consultationsheetdocumenttype",
    "pk": 3,
    "fields": {
      "deleted_at": null,
      "created_at": "2021-03-17T20:45:43.823Z",
      "updated_at": "2021-03-17T20:45:43.823Z",
      "name": "Cédula de Identidad"
    }
  },
  {
    "model": "invoicing.paymentmethod",
    "pk": 1,
    "fields": {
      "deleted_at": null,
      "created_at": "2021-03-17T22:58:33.521Z",
      "updated_at": "2021-03-17T22:58:33.521Z",
      "name": "Efectivo"
    }
  },
  {
    "model": "invoicing.paymentmethod",
    "pk": 2,
    "fields": {
      "deleted_at": null,
      "created_at": "2021-03-17T22:58:59.039Z",
      "updated_at": "2021-03-17T22:58:59.040Z",
      "name": "Tarjeta de Débito"
    }
  },
  {
    "model": "invoicing.paymentmethod",
    "pk": 3,
    "fields": {
      "deleted_at": null,
      "created_at": "2021-03-17T22:59:20.617Z",
      "updated_at": "2021-03-17T22:59:20.618Z",
      "name": "Tarjeta de Crédito"
    }
  },
  {
    "model": "invoicing.paymentmethod",
    "pk": 4,
    "fields": {
      "deleted_at": null,
      "created_at": "2021-03-17T22:59:34.160Z",
      "updated_at": "2021-03-17T22:59:34.160Z",
      "name": "Transferencia Bancaria"
    }
  },
  {
    "model": "invoicing.paymentmethod",
    "pk": 5,
    "fields": {
      "deleted_at": null,
      "created_at": "2021-03-17T22:59:45.050Z",
      "updated_at": "2021-03-17T22:59:45.050Z",
      "name": "Cheque"
    }
  },
  {
    "model": "clinic.medicalstudyinsuranceagreement",
    "pk": 1,
    "fields": {
      "deleted_at": null,
      "created_at": "2021-03-17T16:06:29.869Z",
      "updated_at": "2021-03-17T16:06:29.869Z",
      "medical_study": 1,
      "insurance_plan": 1,
      "coverage_percentage": 100.0
    }
  },
  {
    "model": "clinic.medicalstudyinsuranceagreement",
    "pk": 2,
    "fields": {
      "deleted_at": null,
      "created_at": "2021-03-17T16:06:43.044Z",
      "updated_at": "2021-03-17T16:06:43.044Z",
      "medical_study": 2,
      "insurance_plan": 1,
      "coverage_percentage": 100.0
    }
  },
  {
    "model": "clinic.medicalstudyinsuranceagreement",
    "pk": 3,
    "fields": {
      "deleted_at": null,
      "created_at": "2021-03-17T16:07:05.167Z",
      "updated_at": "2021-03-17T16:07:05.167Z",
      "medical_study": 3,
      "insurance_plan": 1,
      "coverage_percentage": 100.0
    }
  },
  {
    "model": "clinic.medicalstudyinsuranceagreement",
    "pk": 4,
    "fields": {
      "deleted_at": null,
      "created_at": "2021-03-17T16:12:42.451Z",
      "updated_at": "2021-03-17T16:12:42.452Z",
      "medical_study": 4,
      "insurance_plan": 1,
      "coverage_percentage": 100.0
    }
  },
  {
    "model": "clinic.medicalstudyinsuranceagreement",
    "pk": 5,
    "fields": {
      "deleted_at": null,
      "created_at": "2021-03-17T16:13:19.378Z",
      "updated_at": "2021-03-17T16:13:19.378Z",
      "medical_study": 5,
      "insurance_plan": 1,
      "coverage_percentage": 100.0
    }
  },
  {
    "model": "clinic.medicalstudyinsuranceagreement",
    "pk": 6,
    "fields": {
      "deleted_at": null,
      "created_at": "2021-03-17T16:13:46.563Z",
      "updated_at": "2021-03-17T16:13:46.563Z",
      "medical_study": 6,
      "insurance_plan": 1,
      "coverage_percentage": 100.0
    }
  },
  {
    "model": "clinic.medicalstudyinsuranceagreement",
    "pk": 7,
    "fields": {
      "deleted_at": null,
      "created_at": "2021-03-17T16:14:33.757Z",
      "updated_at": "2021-03-17T23:04:14.354Z",
      "medical_study": 1,
      "insurance_plan": 3,
      "coverage_percentage": 70.0
    }
  },
  {
    "model": "clinic.medicalstudyinsuranceagreement",
    "pk": 8,
    "fields": {
      "deleted_at": null,
      "created_at": "2021-03-17T16:15:04.924Z",
      "updated_at": "2021-03-17T16:15:04.924Z",
      "medical_study": 2,
      "insurance_plan": 3,
      "coverage_percentage": 70.0
    }
  },
  {
    "model": "clinic.medicalstudyinsuranceagreement",
    "pk": 9,
    "fields": {
      "deleted_at": null,
      "created_at": "2021-03-17T23:08:58.760Z",
      "updated_at": "2021-03-17T23:08:58.760Z",
      "medical_study": 3,
      "insurance_plan": 3,
      "coverage_percentage": 70.0
    }
  },
  {
    "model": "clinic.medicalstudyinsuranceagreement",
    "pk": 10,
    "fields": {
      "deleted_at": null,
      "created_at": "2021-03-17T23:13:10.475Z",
      "updated_at": "2021-03-17T23:13:10.475Z",
      "medical_study": 4,
      "insurance_plan": 3,
      "coverage_percentage": 70.0
    }
  },
  {
    "model": "clinic.medicalstudyinsuranceagreement",
    "pk": 11,
    "fields": {
      "deleted_at": null,
      "created_at": "2021-03-17T23:13:22.529Z",
      "updated_at": "2021-03-17T23:13:22.529Z",
      "medical_study": 5,
      "insurance_plan": 3,
      "coverage_percentage": 70.0
    }
  },
  {
    "model": "clinic.medicalstudyinsuranceagreement",
    "pk": 12,
    "fields": {
      "deleted_at": null,
      "created_at": "2021-03-17T23:14:42.033Z",
      "updated_at": "2021-03-17T23:14:42.033Z",
      "medical_study": 6,
      "insurance_plan": 3,
      "coverage_percentage": 50.0
    }
  },
  {
    "model": "clinic.medicalstudyinsuranceagreement",
    "pk": 13,
    "fields": {
      "deleted_at": null,
      "created_at": "2021-03-17T23:15:02.313Z",
      "updated_at": "2021-03-17T23:15:02.313Z",
      "medical_study": 1,
      "insurance_plan": 2,
      "coverage_percentage": 80.0
    }
  },
  {
    "model": "clinic.medicalstudyinsuranceagreement",
    "pk": 14,
    "fields": {
      "deleted_at": null,
      "created_at": "2021-03-17T23:15:17.357Z",
      "updated_at": "2021-03-17T23:15:17.357Z",
      "medical_study": 2,
      "insurance_plan": 2,
      "coverage_percentage": 80.0
    }
  },
  {
    "model": "clinic.medicalstudyinsuranceagreement",
    "pk": 15,
    "fields": {
      "deleted_at": null,
      "created_at": "2021-03-17T23:15:27.439Z",
      "updated_at": "2021-03-17T23:15:27.439Z",
      "medical_study": 3,
      "insurance_plan": 2,
      "coverage_percentage": 80.0
    }
  },
  {
    "model": "clinic.medicalstudyinsuranceagreement",
    "pk": 16,
    "fields": {
      "deleted_at": null,
      "created_at": "2021-03-17T23:15:38.727Z",
      "updated_at": "2021-03-17T23:15:38.727Z",
      "medical_study": 4,
      "insurance_plan": 2,
      "coverage_percentage": 80.0
    }
  },
  {
    "model": "clinic.medicalstudyinsuranceagreement",
    "pk": 17,
    "fields": {
      "deleted_at": null,
      "created_at": "2021-03-17T23:15:47.369Z",
      "updated_at": "2021-03-17T23:15:47.369Z",
      "medical_study": 5,
      "insurance_plan": 2,
      "coverage_percentage": 80.0
    }
  },
  {
    "model": "clinic.medicalstudyinsuranceagreement",
    "pk": 18,
    "fields": {
      "deleted_at": null,
      "created_at": "2021-03-17T23:16:03.954Z",
      "updated_at": "2021-03-17T23:16:03.954Z",
      "medical_study": 6,
      "insurance_plan": 2,
      "coverage_percentage": 80.0
    }
  },
  {
    "model": "clinic.medicalsupplyinsuranceagreement",
    "pk": 1,
    "fields": {
      "deleted_at": null,
      "created_at": "2021-03-17T22:55:08.488Z",
      "updated_at": "2021-03-17T22:55:08.488Z",
      "medical_supply": 1,
      "insurance_plan": 1,
      "coverage_percentage": 100.0
    }
  },
  {
    "model": "clinic.medicalsupplyinsuranceagreement",
    "pk": 2,
    "fields": {
      "deleted_at": null,
      "created_at": "2021-03-17T22:55:41.375Z",
      "updated_at": "2021-03-17T22:55:41.376Z",
      "medical_supply": 2,
      "insurance_plan": 1,
      "coverage_percentage": 100.0
    }
  },
  {
    "model": "clinic.medicalsupplyinsuranceagreement",
    "pk": 3,
    "fields": {
      "deleted_at": null,
      "created_at": "2021-03-17T23:05:11.718Z",
      "updated_at": "2021-03-17T23:05:11.718Z",
      "medical_supply": 3,
      "insurance_plan": 1,
      "coverage_percentage": 100.0
    }
  },
  {
    "model": "clinic.medicalsupplyinsuranceagreement",
    "pk": 4,
    "fields": {
      "deleted_at": null,
      "created_at": "2021-03-17T23:05:34.793Z",
      "updated_at": "2021-03-17T23:05:34.793Z",
      "medical_supply": 4,
      "insurance_plan": 1,
      "coverage_percentage": 100.0
    }
  },
  {
    "model": "clinic.medicalsupplyinsuranceagreement",
    "pk": 5,
    "fields": {
      "deleted_at": null,
      "created_at": "2021-03-17T23:05:44.824Z",
      "updated_at": "2021-03-17T23:05:44.824Z",
      "medical_supply": 5,
      "insurance_plan": 1,
      "coverage_percentage": 100.0
    }
  },
  {
    "model": "clinic.medicalsupplyinsuranceagreement",
    "pk": 6,
    "fields": {
      "deleted_at": null,
      "created_at": "2021-03-17T23:05:57.538Z",
      "updated_at": "2021-03-17T23:05:57.538Z",
      "medical_supply": 6,
      "insurance_plan": 1,
      "coverage_percentage": 100.0
    }
  },
  {
    "model": "clinic.medicalsupplyinsuranceagreement",
    "pk": 7,
    "fields": {
      "deleted_at": null,
      "created_at": "2021-03-17T23:16:33.633Z",
      "updated_at": "2021-03-17T23:16:33.634Z",
      "medical_supply": 1,
      "insurance_plan": 2,
      "coverage_percentage": 80.0
    }
  },
  {
    "model": "clinic.medicalsupplyinsuranceagreement",
    "pk": 8,
    "fields": {
      "deleted_at": null,
      "created_at": "2021-03-17T23:16:42.344Z",
      "updated_at": "2021-03-17T23:16:42.344Z",
      "medical_supply": 2,
      "insurance_plan": 2,
      "coverage_percentage": 80.0
    }
  },
  {
    "model": "clinic.medicalsupplyinsuranceagreement",
    "pk": 9,
    "fields": {
      "deleted_at": null,
      "created_at": "2021-03-17T23:16:52.017Z",
      "updated_at": "2021-03-17T23:16:52.017Z",
      "medical_supply": 3,
      "insurance_plan": 2,
      "coverage_percentage": 80.0
    }
  },
  {
    "model": "clinic.medicalsupplyinsuranceagreement",
    "pk": 10,
    "fields": {
      "deleted_at": null,
      "created_at": "2021-03-17T23:17:00.352Z",
      "updated_at": "2021-03-17T23:17:00.352Z",
      "medical_supply": 4,
      "insurance_plan": 2,
      "coverage_percentage": 80.0
    }
  },
  {
    "model": "clinic.medicalsupplyinsuranceagreement",
    "pk": 11,
    "fields": {
      "deleted_at": null,
      "created_at": "2021-03-17T23:17:10.873Z",
      "updated_at": "2021-03-17T23:17:10.873Z",
      "medical_supply": 5,
      "insurance_plan": 2,
      "coverage_percentage": 80.0
    }
  },
  {
    "model": "clinic.medicalsupplyinsuranceagreement",
    "pk": 12,
    "fields": {
      "deleted_at": null,
      "created_at": "2021-03-17T23:17:20.312Z",
      "updated_at": "2021-03-17T23:17:20.312Z",
      "medical_supply": 6,
      "insurance_plan": 2,
      "coverage_percentage": 80.0
    }
  },
  {
    "model": "clinic.medicalsupplyinsuranceagreement",
    "pk": 13,
    "fields": {
      "deleted_at": null,
      "created_at": "2021-03-17T23:17:34.254Z",
      "updated_at": "2021-03-17T23:17:34.254Z",
      "medical_supply": 1,
      "insurance_plan": 3,
      "coverage_percentage": 70.0
    }
  },
  {
    "model": "clinic.medicalsupplyinsuranceagreement",
    "pk": 14,
    "fields": {
      "deleted_at": null,
      "created_at": "2021-03-17T23:17:44.241Z",
      "updated_at": "2021-03-17T23:17:44.242Z",
      "medical_supply": 2,
      "insurance_plan": 3,
      "coverage_percentage": 70.0
    }
  },
  {
    "model": "clinic.medicalsupplyinsuranceagreement",
    "pk": 15,
    "fields": {
      "deleted_at": null,
      "created_at": "2021-03-17T23:18:04.540Z",
      "updated_at": "2021-03-17T23:18:04.541Z",
      "medical_supply": 3,
      "insurance_plan": 3,
      "coverage_percentage": 100.0
    }
  },
  {
    "model": "clinic.medicalsupplyinsuranceagreement",
    "pk": 16,
    "fields": {
      "deleted_at": null,
      "created_at": "2021-03-17T23:18:20.925Z",
      "updated_at": "2021-03-17T23:18:20.925Z",
      "medical_supply": 4,
      "insurance_plan": 3,
      "coverage_percentage": 50.0
    }
  },
  {
    "model": "clinic.medicalsupplyinsuranceagreement",
    "pk": 17,
    "fields": {
      "deleted_at": null,
      "created_at": "2021-03-17T23:18:45.388Z",
      "updated_at": "2021-03-17T23:18:45.389Z",
      "medical_supply": 5,
      "insurance_plan": 3,
      "coverage_percentage": 70.0
    }
  },
  {
    "model": "clinic.medicalsupplyinsuranceagreement",
    "pk": 18,
    "fields": {
      "deleted_at": null,
      "created_at": "2021-03-17T23:18:56.185Z",
      "updated_at": "2021-03-17T23:18:56.185Z",
      "medical_supply": 6,
      "insurance_plan": 3,
      "coverage_percentage": 60.0
    }
  },
  {
    "model": "consultation.consultationstate",
    "pk": 1,
    "fields": {
      "deleted_at": null,
      "created_at": "2021-03-23T00:36:10.053Z",
      "updated_at": "2021-03-23T00:36:10.053Z",
      "name": "Fichado",
      "state_code": 0
    }
  },
  {
    "model": "consultation.consultationstate",
    "pk": 2,
    "fields": {
      "deleted_at": null,
      "created_at": "2021-03-23T00:36:32.452Z",
      "updated_at": "2021-03-23T00:36:32.452Z",
      "name": "Realizado",
      "state_code": 1
    }
  },
  {
    "model": "consultation.consultationstate",
    "pk": 3,
    "fields": {
      "deleted_at": null,
      "created_at": "2021-03-23T00:36:56.897Z",
      "updated_at": "2021-03-23T00:36:56.897Z",
      "name": "Asignado",
      "state_code": 2
    }
  },
  {
    "model": "consultation.consultationstate",
    "pk": 4,
    "fields": {
      "deleted_at": null,
      "created_at": "2021-03-23T00:37:15.271Z",
      "updated_at": "2021-03-23T00:37:15.271Z",
      "name": "Informado",
      "state_code": 3
    }
  },
  {
    "model": "consultation.consultationstate",
    "pk": 5,
    "fields": {
      "deleted_at": null,
      "created_at": "2021-03-23T00:52:35.479Z",
      "updated_at": "2021-03-23T00:52:35.479Z",
      "name": "Preparado",
      "state_code": 4
    }
  },
  {
    "model": "consultation.consultationstate",
    "pk": 6,
    "fields": {
      "deleted_at": null,
      "created_at": "2021-03-23T00:52:51.578Z",
      "updated_at": "2021-03-23T00:52:51.579Z",
      "name": "Entregado",
      "state_code": 5
    }
  }
]